,,,,,,,,,,,,,,,,,,,,,,,,,,,,,,,,,,,,,,,,,
COUNTRY,ISO3,INFORM RISK,RISK CLASS,Rank,Lack of Reliability (*),HAZARD & EXPOSURE,Natural,Earthquake,River Flood,Tsunami,Tropical Cyclone,Coastal flood,Drought,Epidemic,Human,Projected Conflict Risk,Current Highly Violent Conflict Intensity,VULNERABILITY,Socio-Economic Vulnerability,Development & Deprivation,Inequality,Economic Dependency,Vulnerable Groups,Uprooted people,Health Conditions,Children U5,Recent Shocks,Food Security,Other Vulnerable Groups,LACK OF COPING CAPACITY,Institutional,DRR,Governance,Infrastructure,Communication,Physical infrastructure,Access to health care,Number of Missing Indicators,% of Missing Indicators,Countries in HVC,Recentness data (average years)
(a-z),(a-z),(0-10),(Very Low-Very High),(1-191),(0-10),(0-10),(0-10),(0-10),(0-10),(0-10),(0-10),,(0-10),(0-10),(0-10),(0-10),(0-10),(0-10),(0-10),(0-10),(0-10),(0-10),(0-10),(0-10),(0-10),(0-10),(0-10),(0-10),(0-10),(0-10),(0-10),(0-10),(0-10),(0-10),(0-10),(0-10),(0-10),(0-50),(0-100%),(Yes/No),()
Afghanistan,AFG,8.1,Very High,4,-187.4,8.7,5.7,8.7,7.3,0.0,0.0,0.0,8.6,6.9,10.0,10.0,10.0,8.5,8.3,8.7,9.0,6.9,8.6,10.0,2.0,4.3,7.3,7.1,5.6,7.1,7.2,6.3,8.0,7.0,6.3,6.5,8.1,4,8%,YES,-28.31
Albania,ALB,3.1,Low,104,-156.3,3.4,5.7,8.3,4.6,6.8,0.0,7.4,4.4,4.5,0.1,0.1,0.0,2.1,2.4,1.9,1.5,4.2,1.7,2.9,0.2,0.5,0.0,1.0,0.4,4.2,5.7,x,5.7,2.3,2.0,1.4,3.4,6,12%,,-29.61
Algeria,DZA,3.6,Medium,81,-144.2,3.8,3.2,7.9,3.6,1.4,0.0,0.7,1.6,3.5,4.4,6.3,0.0,2.8,2.4,2.9,3.7,0.2,3.2,5.3,0.3,1.2,0.0,0.0,0.4,4.4,5.0,3.5,6.5,3.7,2.9,4.1,4.1,0,0%,,-27.04
Angola,AGO,5.2,High,32,-142.3,4.2,2.9,0.1,3.9,0.0,0.0,3.4,3.7,6.8,5.3,7.5,0.0,5.1,5.8,8.0,6.9,0.2,4.3,4.7,4.5,4.8,0.1,5.2,3.9,6.7,6.1,5.2,6.9,7.3,6.3,7.9,7.8,0,0%,,-26.69
Antigua and Barbuda,ATG,2.3,Low,151,-183.8,2.0,3.7,5.1,0.0,0.0,8.2,4.3,0.0,3.3,0.0,0.0,0.0,1.7,2.4,2.2,x,2.7,0.9,0.0,0.1,0.5,0.0,5.0,1.7,3.6,5.4,5.4,5.3,1.3,0.2,0.7,3.1,18,35%,,-35.21
Argentina,ARG,2.9,Low,116,-155.8,2.5,4.3,5.5,7.7,0.0,0.0,3.7,5.5,3.9,0.3,0.4,0.0,2.7,1.5,0.9,4.1,0.1,3.7,6.0,0.3,0.5,0.2,0.9,0.5,3.6,4.9,3.8,6.0,2.1,1.3,3.0,1.9,6,12%,,-29.51
Armenia,ARM,2.9,Low,116,-149.8,2.0,3.5,7.3,5.3,0.0,0.0,0.0,3.1,5.1,0.1,0.2,0.0,2.8,1.8,1.5,1.8,2.3,3.7,5.9,0.3,0.7,0.6,0.4,0.5,4.5,6.5,7.5,5.5,1.6,1.4,1.2,2.1,3,6%,,-28.23
Australia,AUS,2.4,Low,143,-165.9,2.7,4.7,0.1,5.4,5.7,4.1,6.2,7.0,2.3,0.2,0.3,0.0,2.3,0.4,0.0,1.7,0.0,3.8,6.1,0.1,0.3,0.5,0.9,0.5,2.1,2.4,2.4,2.3,1.7,1.8,3.0,0.2,10,20%,,-31.60
Austria,AUT,1.9,Very Low,166,-173.3,1.5,2.5,3.9,7.2,0.0,0.0,0.0,1.1,2.4,0.3,0.4,0.0,3.2,0.3,0.0,1.0,0.1,5.3,8.0,0.1,0.3,0.0,0.0,0.1,1.5,2.2,2.0,2.4,0.7,1.6,0.0,0.6,13,25%,,-33.15
Azerbaijan,AZE,4.8,Medium,40,-157.6,5.0,4.0,7.8,6.6,0.0,0.0,0.0,3.5,5.3,5.8,8.3,0.0,5.0,2.7,3.1,3.9,0.7,6.6,9.2,0.3,1.3,0.0,0.8,0.6,4.5,6.1,x,6.1,2.4,1.6,2.7,3.0,7,14%,,-29.89
Bahamas,BHS,2.1,Very Low,157,-175.2,1.7,3.2,0.1,0.0,0.0,7.4,6.1,1.1,3.7,0.0,0.0,0.0,1.7,2.0,1.8,4.4,0.0,1.4,0.9,0.7,1.0,0.0,5.0,1.9,3.1,3.9,x,3.9,2.2,1.7,2.0,2.9,15,29%,,-33.59
Bahrain,BHR,1.4,Very Low,184,-172.7,0.9,1.5,0.1,0.0,0.0,0.0,5.3,0.0,3.3,0.3,0.4,0.0,1.0,0.9,0.5,2.4,0.0,1.0,1.2,0.2,0.5,0.0,2.4,0.8,2.8,4.2,3.8,4.6,1.2,1.0,0.0,2.5,15,29%,,-33.13
Bangladesh,BGD,5.7,High,25,-148.5,6.9,8.2,8.9,9.9,8.1,7.9,8.9,2.4,7.5,4.9,7.0,0.0,5.5,4.6,6.3,4.5,1.3,6.2,8.1,2.0,3.6,2.9,3.5,3.0,4.8,5.0,3.0,6.9,4.5,3.9,4.6,5.0,3,6%,,-28.00
Barbados,BRB,2.0,Very Low,164,-163.3,2.2,3.9,5.3,0.0,3.7,8.1,1.5,0.5,4.3,0.0,0.0,0.0,1.5,2.4,2.8,3.6,0.2,0.4,0.0,0.6,0.9,0.4,1.4,0.8,2.5,3.2,2.7,3.7,1.8,1.5,0.2,3.6,10,20%,,-31.13
Belarus,BLR,1.8,Very Low,172,-161.1,0.9,1.7,0.1,5.8,0.0,0.0,0.0,1.6,2.5,0.1,0.2,0.0,2.0,1.3,1.8,0.7,0.7,2.6,4.4,0.5,0.2,0.0,1.0,0.4,3.0,4.6,2.8,6.3,1.0,1.3,0.3,1.5,8,16%,,-30.62
Belgium,BEL,2.1,Very Low,157,-169.9,1.9,3.4,2.9,6.2,0.0,0.0,7.7,1.1,1.9,0.2,0.3,0.0,2.6,0.2,0.0,0.5,0.4,4.4,7.0,0.1,0.3,0.2,0.0,0.2,1.8,2.7,x,2.7,0.9,1.9,0.0,0.8,12,24%,,-32.46
Belize,BLZ,3.6,Medium,81,-162.6,2.1,3.7,2.0,2.2,3.0,5.0,6.0,2.7,4.2,0.1,0.1,0.0,4.4,4.5,4.5,4.9,3.9,4.3,3.0,0.7,1.0,10.0,1.8,5.4,5.0,6.0,x,6.0,3.9,3.6,3.0,5.2,9,18%,,-30.94
Benin,BEN,4.3,Medium,58,-146.8,2.5,3.1,0.1,6.6,0.0,0.0,1.9,0.0,7.6,1.8,2.6,0.0,4.8,6.3,8.7,5.6,2.2,2.8,2.3,4.2,5.1,0.3,2.4,3.2,6.6,5.6,5.5,5.6,7.4,6.6,8.3,7.4,1,2%,,-27.57
Bhutan,BTN,2.8,Low,124,-150.1,1.5,2.8,6.8,4.2,0.0,0.0,0.0,0.0,5.2,0.1,0.1,0.0,3.7,5.6,6.9,4.3,4.4,1.2,0.0,1.5,2.5,0.0,4.4,2.2,4.0,3.9,4.5,3.3,4.0,3.0,4.3,4.7,6,12%,,-28.43
Bolivia,BOL,3.6,Medium,81,-153.5,2.4,4.2,7.1,5.5,0.0,0.0,0.0,6.8,5.3,0.2,0.3,0.0,3.7,4.0,5.1,4.8,1.1,3.4,3.6,0.7,1.4,3.7,5.5,3.1,5.3,6.2,5.6,6.7,4.3,2.5,4.8,5.7,5,10%,,-29.03
Bosnia and Herzegovina,BIH,3.1,Low,104,-159.8,1.5,2.8,6.0,5.9,0.3,0.0,0.0,2.5,2.1,0.1,0.1,0.0,3.8,3.0,2.9,1.9,4.3,4.6,6.9,0.3,0.4,2.3,1.0,1.0,5.0,6.9,x,6.9,2.2,1.8,1.3,3.5,9,18%,,-30.41
Botswana,BWA,2.6,Low,132,-147.2,1.1,2.0,0.1,3.6,0.0,0.0,0.0,5.0,3.7,0.1,0.1,0.0,3.7,4.7,5.7,6.7,0.6,2.5,1.2,5.1,2.7,0.0,5.8,3.7,4.5,4.9,5.6,4.2,4.0,2.5,4.4,5.2,2,4%,,-27.70
Brazil,BRA,4.6,Medium,47,-155.9,5.7,4.0,0.5,7.7,0.0,0.0,5.0,4.5,6.0,7.0,10.0,0.0,3.9,3.4,3.7,6.1,0.1,4.3,6.6,0.7,0.9,0.3,1.1,0.8,4.3,5.2,4.3,6.1,3.2,2.1,3.4,4.1,6,12%,,-29.52
Brunei Darussalam,BRN,2.4,Low,143,-174.6,1.3,2.5,0.1,4.9,1.9,0.0,3.3,1.6,4.3,0.0,0.0,0.0,2.9,1.6,1.4,3.5,0.0,4.1,6.3,0.6,1.5,0.0,1.7,1.0,3.5,4.6,6.0,3.1,2.1,1.0,2.5,2.9,14,27%,,-33.44
Bulgaria,BGR,2.7,Low,128,-160.2,1.8,3.3,6.2,5.1,0.0,0.0,2.9,1.9,4.6,0.1,0.1,0.0,3.6,2.0,2.1,3.4,0.5,5.0,7.5,0.2,0.5,0.1,2.1,0.8,3.1,4.4,3.2,5.5,1.5,1.8,1.4,1.3,8,16%,,-30.45
Burkina Faso,BFA,7.0,Very High,12,-144.5,6.9,2.6,0.1,2.2,0.0,0.0,0.0,5.0,7.2,9.0,9.5,9.0,7.9,7.5,9.6,7.0,3.8,8.3,9.8,3.2,5.2,7.5,3.9,5.2,6.4,4.7,3.2,6.2,7.7,7.3,9.1,6.6,0,0%,YES,-27.10
Burundi,BDI,5.6,High,26,-142.3,4.1,3.0,4.5,2.5,0.0,0.0,0.0,4.0,6.9,5.0,7.2,0.0,6.4,7.2,9.6,5.1,4.3,5.4,6.2,3.3,5.1,0.1,7.3,4.4,6.7,6.3,4.6,8.0,7.1,7.6,7.1,6.7,2,4%,,-26.78
Cabo Verde,CPV,2.4,Low,143,-165.9,0.9,1.6,0.1,0.0,0.0,0.0,0.0,4.9,4.6,0.1,0.1,0.0,3.9,5.2,4.8,4.6,6.5,2.2,1.1,1.2,1.0,3.8,5.5,3.1,3.7,4.0,3.4,4.5,3.4,2.6,2.9,4.7,10,20%,,-31.60
Cambodia,KHM,4.3,Medium,58,-152.4,2.7,4.6,0.1,8.7,2.9,1.8,3.8,3.9,6.5,0.3,0.4,0.0,4.8,5.6,6.5,6.1,3.3,3.9,5.5,2.3,2.8,0.6,1.8,1.9,6.0,6.8,6.8,6.7,5.0,3.3,5.8,5.8,4,8%,,-28.78
Cameroon,CMR,6.6,High,19,-142.1,7.2,3.8,0.1,6.6,0.0,0.0,2.6,4.2,7.9,9.0,9.7,9.0,6.8,5.9,7.8,6.5,1.5,7.5,9.3,4.5,3.9,4.5,2.0,3.8,5.9,4.9,2.6,7.1,6.7,4.9,7.5,7.8,0,0%,YES,-26.64
Canada,CAN,2.4,Low,143,-173.3,2.5,4.3,4.7,7.1,5.7,2.3,5.4,1.4,1.6,0.1,0.1,0.0,2.4,0.4,0.0,1.4,0.0,4.1,6.6,0.1,0.4,0.1,0.3,0.2,2.4,2.6,3.0,2.2,2.2,2.1,3.0,1.5,13,25%,,-33.15
Central African Republic,CAF,8.7,Very High,1,-189.9,8.1,3.2,0.1,6.0,0.0,0.0,0.0,2.2,8.2,10.0,9.8,10.0,9.1,8.9,9.9,9.0,6.7,9.2,9.5,8.1,6.3,10.0,9.4,8.8,8.8,8.0,x,8.0,9.4,8.8,9.7,9.7,6,12%,YES,-28.78
Chad,TCD,7.8,Very High,5,-148.8,7.1,3.6,0.1,8.1,0.0,0.0,0.0,3.8,7.0,9.0,9.8,9.0,7.8,7.1,10.0,5.9,2.6,8.3,9.1,3.4,6.2,9.2,7.6,7.1,8.7,8.0,x,8.0,9.2,8.6,9.9,9.2,3,6%,YES,-28.04
Chile,CHL,3.2,Medium,97,-163.1,3.3,5.5,9.6,5.5,8.6,0.0,2.7,0.3,2.5,0.1,0.2,0.0,3.6,1.4,0.9,3.8,0.1,5.3,7.9,0.5,0.3,0.2,1.6,0.7,2.7,3.4,3.2,3.5,1.9,1.2,2.7,1.9,9,18%,,-31.03
China,CHN,3.0,Low,110,-162.2,5.5,7.8,6.7,9.3,9.0,7.8,9.0,4.6,5.5,1.7,2.4,0.0,1.6,2.6,3.6,3.0,0.0,0.4,0.1,0.3,0.5,0.6,0.9,0.6,3.2,3.5,2.5,4.4,2.8,1.8,3.6,2.9,9,18%,,-30.86
Colombia,COL,5.3,High,29,-149.9,6.7,6.3,8.8,6.9,8.1,4.0,6.2,1.4,5.4,7.0,9.7,7.0,6.2,3.9,4.0,6.2,1.2,7.7,10.0,0.7,0.9,0.3,1.5,0.9,3.5,4.3,3.0,5.6,2.7,1.6,3.4,3.2,4,8%,YES,-28.30
Comoros,COM,3.3,Medium,94,-147.7,1.1,2.0,0.1,0.0,1.9,1.4,2.9,0.0,5.7,0.1,0.2,0.0,4.8,7.0,7.7,5.1,7.3,1.4,0.0,2.0,3.8,0.0,4.2,2.7,7.1,8.1,7.8,8.4,5.9,5.1,5.8,6.9,4,8%,,-27.89
Congo,COG,5.0,High,36,-142.7,3.0,3.2,0.1,7.5,0.0,0.0,2.1,0.6,6.8,2.8,4.0,0.0,5.7,5.5,7.1,6.8,0.9,5.8,6.3,6.0,3.0,1.5,8.2,5.3,7.5,8.0,x,8.0,7.0,5.8,8.0,7.1,1,2%,,-26.81
Congo DR,COD,7.7,Very High,6,-143.8,7.2,4.0,4.2,7.0,0.0,0.0,1.0,2.3,8.3,9.0,10.0,9.0,7.9,6.7,8.9,6.2,2.6,8.8,9.4,5.2,5.6,10.0,8.4,8.0,8.0,7.9,7.5,8.2,8.1,6.8,9.6,7.8,2,4%,YES,-27.07
Costa Rica,CRI,3.2,Medium,97,-152.6,3.1,5.3,9.1,2.4,8.3,1.3,4.1,1.0,4.9,0.1,0.1,0.0,4.3,2.1,1.5,4.7,0.6,6.0,8.3,0.3,0.6,3.8,1.7,1.7,2.4,3.1,1.5,4.6,1.7,1.2,1.9,2.1,4,8%,,-28.81
CÃ´te d'Ivoire,CIV,4.6,Medium,47,-142.8,2.2,2.9,0.1,4.7,0.9,0.0,2.1,0.6,7.7,1.4,2.0,0.0,6.5,5.8,8.0,5.7,1.3,7.1,9.1,4.9,4.5,0.0,1.7,3.0,6.6,7.0,7.8,6.2,6.1,3.1,7.4,7.9,0,0%,,-26.78
Croatia,HRV,2.4,Low,143,-160.4,2.4,4.2,5.6,6.8,5.8,0.0,5.0,1.4,2.1,0.1,0.1,0.0,2.0,1.0,0.8,1.2,1.3,2.9,4.7,0.1,0.4,0.2,1.3,0.5,3.0,4.4,4.4,4.4,1.2,1.7,0.2,1.6,9,18%,,-30.52
Cuba,CUB,2.8,Low,124,-158.4,2.8,4.8,5.0,0.5,3.2,8.0,5.7,3.3,4.9,0.1,0.1,0.0,2.7,2.3,2.2,4.0,0.8,3.0,0.0,0.4,0.5,10.0,1.3,5.2,2.9,4.0,2.5,5.5,1.6,2.5,1.8,0.5,8,16%,,-30.11
Cyprus,CYP,2.6,Low,132,-165.6,1.6,3.0,6.9,0.0,4.0,0.0,2.9,2.1,2.9,0.0,0.0,0.0,4.2,0.6,0.1,1.7,0.3,6.6,9.2,0.1,0.2,0.0,2.1,0.6,2.6,4.2,x,4.2,0.7,0.9,0.0,1.2,10,20%,,-31.56
Czech Republic,CZE,1.8,Very Low,172,-170.2,0.9,1.6,0.5,5.7,0.0,0.0,0.0,1.6,1.9,0.1,0.1,0.0,3.5,0.4,0.2,1.0,0.3,5.7,8.4,0.1,0.2,0.0,1.1,0.4,1.9,3.1,2.5,3.6,0.6,1.4,0.0,0.3,12,24%,,-32.51
Denmark,DNK,1.4,Very Low,184,-168.9,1.1,2.0,0.1,0.0,0.0,0.0,7.1,1.9,1.8,0.1,0.1,0.0,2.2,0.1,0.0,0.4,0.1,3.9,6.3,0.1,0.3,0.0,1.0,0.4,1.2,1.9,2.7,1.0,0.5,1.3,0.0,0.2,11,22%,,-32.21
Djibouti,DJI,4.9,High,37,-158.4,3.2,4.7,5.4,0.0,4.9,0.0,4.3,8.5,5.1,1.3,1.8,0.0,5.9,6.1,7.8,4.1,4.7,5.7,6.0,1.9,3.9,8.5,4.7,5.3,6.1,6.2,5.5,6.8,6.0,4.9,5.8,7.3,8,16%,,-30.09
Dominica,DMA,3.0,Low,110,-192.4,2.1,3.8,3.8,0.0,5.5,7.8,2.0,0.0,3.8,0.0,0.0,0.0,3.1,4.9,3.6,x,7.4,0.8,0.0,0.2,2.8,0.0,2.5,1.5,4.1,4.9,x,4.9,3.1,2.6,1.0,5.6,19,37%,,-36.83
Dominican Republic,DOM,4.1,Medium,65,-152.9,4.0,6.5,9.1,2.3,5.1,10.0,4.8,0.0,5.7,0.2,0.3,0.0,4.2,3.1,3.1,4.6,1.6,5.1,6.3,1.4,1.6,7.2,1.6,3.5,4.2,5.3,4.6,5.9,3.0,2.1,2.0,4.9,4,8%,,-28.87
Ecuador,ECU,4.7,Medium,45,-154.0,5.7,6.5,9.5,6.5,9.0,0.0,4.9,3.4,5.4,4.8,6.9,0.0,4.7,3.1,3.3,5.0,0.9,6.0,8.3,0.4,1.1,1.5,4.1,1.9,3.9,4.5,3.0,5.9,3.3,2.3,3.1,4.5,5,10%,,-29.12
Egypt,EGY,4.9,High,37,-147.9,6.5,6.1,4.6,9.9,5.9,0.0,9.0,0.0,3.2,6.9,9.9,0.0,3.9,3.5,4.1,3.8,1.8,4.2,6.4,0.2,1.6,0.0,1.5,0.9,4.6,5.4,4.2,6.5,3.6,3.3,3.2,4.3,2,4%,,-27.83
El Salvador,SLV,4.0,Medium,73,-151.1,3.5,5.6,9.2,3.5,7.6,1.3,4.3,3.2,5.4,0.7,1.0,0.0,4.1,4.5,5.1,4.3,3.6,3.7,5.6,1.1,1.1,0.1,2.4,1.2,4.3,5.7,5.2,6.2,2.5,1.8,2.4,3.4,4,8%,,-28.54
Equatorial Guinea,GNQ,3.1,Low,104,-158.4,1.3,2.3,0.1,2.0,0.0,0.0,1.9,3.3,6.4,0.1,0.2,0.0,3.3,4.1,6.1,x,0.1,2.5,0.0,6.2,3.6,0.0,6.1,4.4,7.0,7.8,x,7.8,6.0,4.3,6.6,7.1,10,20%,,-30.20
Eritrea,ERI,6.0,High,24,-164.3,7.0,3.1,3.5,1.3,0.0,0.0,4.0,4.4,6.3,9.0,0.5,9.0,4.1,5.7,8.2,x,0.8,2.1,0.0,1.0,5.9,0.0,6.2,3.8,7.7,8.1,x,8.1,7.3,6.2,9.7,6.1,11,22%,YES,-31.35
Estonia,EST,1.6,Very Low,179,-165.1,0.8,1.5,0.1,5.5,0.0,0.0,2.1,0.0,1.4,0.0,0.0,0.0,3.5,0.5,0.2,1.4,0.2,5.6,8.2,0.5,0.2,0.0,1.6,0.6,1.5,2.4,x,2.4,0.6,0.9,0.1,0.9,10,20%,,-31.46
Eswatini,SWZ,3.3,Medium,94,-144.1,1.5,1.8,0.1,1.8,0.0,0.2,0.0,4.8,3.9,1.2,1.7,0.0,4.5,5.8,6.6,7.3,2.5,2.8,2.4,5.0,2.7,0.0,3.9,3.1,5.3,5.6,4.4,6.8,4.9,3.0,5.2,6.4,0,0%,,-27.01
Ethiopia,ETH,7.0,Very High,12,-142.8,7.2,3.7,4.6,5.1,0.0,0.0,0.0,4.8,7.4,9.0,10.0,9.0,7.2,6.1,8.9,4.7,1.9,8.0,8.9,2.8,4.2,10.0,5.4,6.7,6.7,4.6,2.9,6.2,8.1,7.1,9.8,7.4,0,0%,YES,-26.78
Fiji,FJI,2.9,Low,116,-156.1,2.8,4.9,3.1,0.0,7.1,6.9,7.1,3.1,3.6,0.0,0.0,0.0,3.2,4.2,3.1,2.8,7.7,2.0,0.0,4.0,1.6,5.9,2.3,3.6,2.7,2.2,0.1,4.3,3.1,1.8,3.1,4.3,6,12%,,-29.57
Finland,FIN,1.5,Very Low,182,-170.4,1.3,2.3,0.1,6.2,0.0,0.0,5.3,0.6,1.3,0.1,0.1,0.0,2.2,0.2,0.0,0.5,0.1,3.9,6.2,0.1,0.2,0.0,1.2,0.4,1.3,1.7,2.2,1.2,0.8,1.4,0.5,0.5,12,24%,,-32.54
France,FRA,2.4,Low,143,-165.8,2.3,3.9,2.8,7.5,2.5,0.0,7.4,1.5,1.6,0.4,0.6,0.0,3.0,0.4,0.0,1.3,0.2,5.0,7.6,0.2,0.3,0.1,0.6,0.3,1.9,2.8,2.9,2.7,1.0,2.0,0.1,0.8,10,20%,,-31.59
Gabon,GAB,3.2,Medium,97,-151.3,1.7,3.1,0.1,5.6,0.0,0.0,5.1,0.6,6.6,0.1,0.1,0.0,3.4,4.2,5.5,5.3,0.6,2.6,1.0,6.1,2.2,0.1,5.8,4.0,5.9,6.8,6.7,6.9,4.8,2.5,6.1,5.9,4,8%,,-28.57
Gambia,GMB,3.6,Medium,81,-145.7,1.5,2.7,0.1,4.6,1.1,0.0,2.5,2.7,6.0,0.1,0.1,0.0,5.8,7.4,8.3,5.8,7.2,3.5,3.8,2.7,3.2,0.5,5.4,3.1,5.4,4.8,3.0,6.5,6.0,5.7,5.2,7.2,0,0%,,-27.32
Georgia,GEO,3.5,Medium,91,-150.7,2.6,4.5,7.2,6.1,0.0,0.0,5.9,3.9,5.1,0.1,0.2,0.0,5.0,2.9,1.2,3.0,6.2,6.6,9.1,0.5,0.6,1.7,1.1,1.0,3.2,4.4,4.7,4.1,1.7,1.3,1.3,2.4,3,6%,,-28.41
Germany,DEU,2.4,Low,143,-162.9,2.4,4.1,3.7,7.8,0.0,0.0,8.0,1.6,2.0,0.4,0.5,0.0,3.7,0.4,0.0,1.4,0.1,6.0,8.7,0.1,0.2,0.0,0.3,0.2,1.6,2.5,2.7,2.2,0.6,1.5,0.0,0.4,9,18%,,-31.00
Ghana,GHA,3.5,Medium,91,-144.8,2.2,3.2,0.1,4.6,1.7,0.0,4.3,0.6,7.5,1.1,1.5,0.0,4.0,5.2,6.6,5.9,1.8,2.5,3.0,3.5,3.1,0.0,1.0,2.0,4.8,4.5,3.4,5.5,5.1,3.1,6.5,5.7,0,0%,,-27.15
Greece,GRC,2.6,Low,132,-162.7,2.8,4.9,8.1,3.8,7.2,0.0,5.0,0.8,5.0,0.1,0.1,0.0,2.9,0.7,0.3,1.9,0.1,4.6,7.1,0.2,0.3,0.5,1.0,0.5,2.2,3.4,2.3,4.5,0.8,1.8,0.0,0.6,9,18%,,-30.95
Grenada,GRD,2.2,Low,154,-188.1,1.4,2.6,3.4,0.0,0.0,6.0,2.5,0.5,3.7,0.0,0.0,0.0,2.1,3.2,2.1,x,5.4,0.9,0.0,0.1,1.2,0.0,5.0,1.8,3.7,4.8,4.7,4.9,2.5,2.3,0.6,4.5,19,37%,,-36.02
Guatemala,GTM,5.1,High,33,-151.7,4.1,5.8,9.5,4.2,6.8,3.7,3.7,3.5,5.3,1.8,2.6,0.0,6.1,5.7,6.9,6.1,2.8,6.5,7.1,1.0,2.5,10.0,3.2,5.9,5.3,6.3,5.5,7.1,4.2,3.1,4.3,5.1,4,8%,,-28.65
Guinea,GIN,4.5,Medium,50,-148.5,2.8,3.7,0.1,5.5,2.7,0.0,4.9,0.3,8.0,1.8,2.6,0.0,4.7,6.2,9.1,4.8,1.6,2.8,1.6,5.3,5.6,0.3,2.7,3.8,6.9,6.1,5.0,7.2,7.6,6.4,7.9,8.5,3,6%,,-28.00
Guinea-Bissau,GNB,3.9,Medium,74,-146.7,1.4,2.3,0.1,2.7,0.0,0.0,2.1,1.5,7.1,0.3,0.4,0.0,5.4,6.9,8.9,5.4,4.5,3.4,0.0,6.2,4.7,0.0,8.8,5.8,7.9,7.9,7.8,7.9,7.8,6.4,8.7,8.2,2,4%,,-27.61
Guyana,GUY,3.6,Medium,81,-157.0,2.4,4.2,0.1,6.9,2.5,0.0,7.0,3.8,5.3,0.1,0.1,0.0,4.0,3.8,3.4,6.1,2.4,4.1,5.7,3.7,2.1,1.1,0.6,2.0,4.7,5.8,x,5.8,3.4,2.3,4.1,3.9,6,12%,,-29.73
Haiti,HTI,7.2,Very High,9,-151.0,8.0,6.4,8.4,4.6,4.1,8.9,4.5,3.3,7.4,9.0,8.9,9.0,6.6,6.9,8.0,6.3,5.3,6.2,6.8,2.5,3.3,3.5,9.2,5.5,7.2,7.8,6.7,8.9,6.4,6.3,5.1,7.9,4,8%,YES,-28.52
Honduras,HND,4.8,Medium,40,-154.2,3.7,5.7,8.1,5.4,6.4,4.6,4.0,4.4,5.4,1.0,1.4,0.0,5.6,5.7,6.0,5.8,5.1,5.4,7.5,0.9,1.5,1.2,4.7,2.2,5.3,6.2,5.2,7.2,4.3,3.7,3.8,5.4,5,10%,,-29.16
Hungary,HUN,1.9,Very Low,166,-168.0,1.7,3.0,1.8,7.3,0.0,0.0,0.0,2.7,5.4,0.1,0.1,0.0,2.1,1.2,1.1,2.1,0.4,2.9,4.8,0.1,0.3,0.0,1.4,0.5,2.0,3.1,1.4,4.8,0.8,1.5,0.1,0.9,11,22%,,-32.05
Iceland,ISL,1.6,Very Low,179,-173.9,1.3,2.5,5.4,0.0,0.0,0.0,6.5,0.0,2.4,0.0,0.0,0.0,1.6,0.2,0.0,0.5,0.1,2.8,4.6,0.1,0.2,0.0,1.4,0.4,2.0,2.2,x,2.2,1.7,1.4,2.6,1.0,13,25%,,-33.25
India,IND,5.3,High,29,-152.7,7.4,7.7,8.3,9.2,7.8,7.7,7.7,4.4,7.4,7.0,10.0,0.0,4.7,4.3,6.1,4.6,0.4,5.0,6.4,2.4,4.7,0.2,4.6,3.2,4.2,3.5,1.8,5.2,4.8,4.1,4.2,6.0,4,8%,,-28.83
Indonesia,IDN,4.6,Medium,47,-150.7,6.7,7.3,8.9,8.3,9.3,1.5,8.1,2.2,7.0,6.1,8.7,0.0,3.3,3.3,4.1,4.6,0.2,3.3,4.4,2.6,2.8,0.6,1.7,2.0,4.4,4.4,3.3,5.4,4.3,2.1,4.0,6.8,3,6%,,-28.40
Iran,IRN,5.4,High,28,-193.9,7.4,6.6,9.3,7.3,5.5,1.6,7.4,4.8,6.5,8.0,10.0,8.0,4.8,2.6,2.5,5.1,0.2,6.5,8.9,0.1,1.0,1.9,2.1,1.3,4.5,5.8,4.4,7.1,2.9,1.7,3.6,3.5,7,14%,YES,-29.43
Iraq,IRQ,6.7,High,16,-189.3,8.6,5.6,5.0,9.5,0.0,0.0,4.5,6.8,6.9,10.0,10.0,10.0,5.5,3.9,5.0,4.3,1.2,6.7,8.8,0.3,1.4,3.9,4.1,2.6,6.5,8.1,8.4,7.7,4.0,3.4,3.1,5.6,5,10%,YES,-28.65
Ireland,IRL,1.7,Very Low,175,-168.6,1.2,2.2,0.1,3.6,1.8,0.0,5.9,0.6,1.5,0.0,0.0,0.0,2.4,0.3,0.0,1.1,0.0,4.1,6.6,0.2,0.2,0.0,0.0,0.1,1.6,2.2,x,2.2,1.0,1.7,0.5,0.8,11,22%,,-32.16
Israel,ISR,1.8,Very Low,172,-172.8,2.0,3.5,6.9,0.3,2.7,0.0,2.4,5.3,4.1,0.3,0.4,0.0,1.6,0.6,0.0,2.3,0.1,2.5,4.4,0.1,0.3,0.0,0.0,0.1,1.9,3.1,x,3.1,0.6,1.4,0.0,0.4,13,25%,,-33.05
Italy,ITA,2.5,Low,139,-163.2,2.9,5.0,7.7,6.2,6.2,0.0,6.5,2.3,2.6,0.1,0.2,0.0,2.6,0.5,0.1,1.7,0.1,4.3,6.8,0.1,0.2,0.1,0.2,0.2,2.1,3.4,2.4,4.4,0.6,1.5,0.0,0.4,9,18%,,-31.05
Jamaica,JAM,2.9,Low,116,-162.0,2.9,5.0,7.9,0.0,0.0,8.2,5.4,2.5,5.5,0.1,0.2,0.0,2.3,3.7,3.8,4.5,2.8,0.6,0.0,0.9,0.8,0.0,3.0,1.2,3.6,4.1,3.3,4.9,3.0,2.3,1.9,4.9,9,18%,,-30.83
Japan,JPN,2.3,Low,151,-161.8,5.5,8.3,9.7,7.8,10.0,9.2,9.4,0.6,3.5,0.1,0.2,0.0,1.5,0.4,0.0,1.6,0.0,2.4,3.6,0.1,0.5,0.0,2.8,0.9,1.5,2.2,1.9,2.5,0.8,1.2,0.1,1.1,9,18%,,-30.78
Jordan,JOR,3.8,Medium,76,-155.5,2.1,3.3,7.3,0.4,0.0,0.0,0.2,6.7,3.9,0.7,1.0,0.0,6.2,3.8,2.3,4.3,6.1,7.8,10.0,0.1,0.9,0.0,4.3,1.5,4.2,5.5,6.1,4.9,2.7,2.2,2.4,3.5,6,12%,,-29.46
Kazakhstan,KAZ,3.2,Medium,97,-184.4,6.4,4.0,5.6,7.6,0.0,0.0,0.0,6.1,3.9,8.0,0.2,8.0,1.4,1.0,1.3,1.4,0.1,1.8,3.0,0.6,0.6,0.1,0.2,0.4,3.6,4.8,3.8,5.7,2.2,1.2,3.5,1.9,3,6%,YES,-27.82
Kenya,KEN,6.6,High,19,-178.7,8.3,4.1,2.7,5.1,3.1,0.0,2.7,6.6,6.3,10.0,9.3,10.0,5.9,5.6,7.5,5.3,2.1,6.1,7.6,3.6,2.6,0.9,7.2,4.0,5.8,5.1,3.9,6.3,6.5,4.2,8.1,7.1,0,0%,YES,-26.81
Kiribati,KIR,3.7,Medium,78,-172.4,2.5,4.4,0.1,0.0,7.7,0.0,8.4,3.6,4.8,0.0,0.0,0.0,4.1,5.2,6.4,0.7,7.4,2.7,0.0,8.9,2.6,0.0,3.4,4.8,4.8,5.0,x,5.0,4.6,4.5,3.7,5.6,13,25%,,-32.97
Korea DPR,PRK,4.1,Medium,65,#ERROR!,2.7,4.5,4.4,6.4,0.9,5.7,6.3,3.5,2.9,0.3,0.4,0.0,3.8,4.6,6.9,x,0.1,3.0,0.0,3.9,1.7,0.0,9.5,5.2,6.7,8.2,x,8.2,4.4,6.0,3.4,3.9,#ERROR!,#ERROR!,,-34.58
Korea Republic of,KOR,1.9,Very Low,166,-162.9,3.6,6.0,6.9,7.1,5.7,8.3,7.1,0.3,2.9,0.1,0.1,0.0,1.2,0.4,0.0,1.3,0.1,2.0,3.4,0.3,0.2,0.0,1.0,0.4,1.5,2.3,1.5,3.0,0.7,0.9,0.0,1.1,9,18%,,-31.00
Kuwait,KWT,2.5,Low,139,-174.1,1.4,2.3,0.1,3.7,0.0,0.0,5.2,1.6,3.6,0.3,0.4,0.0,3.0,1.7,1.4,4.1,0.0,4.2,6.7,0.2,0.7,0.0,0.6,0.4,3.7,5.5,x,5.5,1.2,0.7,1.6,1.3,13,25%,,-33.30
Kyrgyzstan,KGZ,3.1,Low,104,-150.1,2.6,3.9,7.7,4.7,0.0,0.0,0.0,5.4,5.0,1.1,1.6,0.0,2.7,3.4,2.6,3.0,5.4,2.0,2.7,1.7,0.9,0.1,2.1,1.2,4.2,5.3,3.7,6.9,2.9,1.5,3.3,3.9,3,6%,,-28.30
Lao PDR,LAO,3.5,Medium,91,-150.1,2.2,3.7,2.8,8.2,0.0,1.4,0.0,2.4,6.4,0.4,0.5,0.0,3.4,5.1,6.8,4.9,1.9,1.2,0.0,1.6,4.0,0.4,2.3,2.2,5.7,6.4,6.1,6.6,4.9,3.4,4.8,6.4,4,8%,,-28.34
Latvia,LVA,2.4,Low,143,-164.1,1.3,2.3,0.1,6.6,0.0,0.0,3.6,2.2,1.2,0.1,0.1,0.0,4.2,1.1,0.7,2.4,0.6,6.4,9.0,0.7,0.2,0.0,1.0,0.5,2.5,3.7,x,3.7,1.1,1.3,0.7,1.4,9,18%,,-31.22
Lebanon,LBN,4.1,Medium,65,-160.5,2.1,3.5,8.2,0.0,3.9,0.0,3.2,1.6,3.8,0.5,0.7,0.0,7.1,4.9,3.9,3.8,7.8,8.5,10.0,0.1,0.7,10.0,1.3,5.2,4.5,6.2,4.7,7.6,2.3,2.2,0.5,4.3,8,16%,,-30.49
Lesotho,LSO,3.6,Medium,81,-146.5,1.2,2.1,0.1,2.1,0.0,0.0,0.0,6.4,3.3,0.1,0.2,0.0,5.5,6.5,7.4,6.2,5.1,4.2,1.1,7.3,4.0,0.0,9.4,6.3,6.9,7.5,8.4,6.6,6.1,5.1,6.5,6.7,1,2%,,-27.51
Liberia,LBR,4.5,Medium,50,-146.1,2.1,3.8,0.1,7.4,2.4,0.0,4.1,0.6,7.3,0.1,0.2,0.0,5.7,7.2,8.7,5.6,5.9,3.7,1.4,5.8,4.1,0.1,8.7,5.5,7.8,7.6,x,7.6,8.0,7.7,7.7,8.5,2,4%,,-27.50
Libya,LBY,4.8,Medium,40,-159.5,4.0,3.3,1.4,0.6,5.4,0.0,5.4,5.0,3.0,4.6,6.6,0.0,4.0,3.0,3.4,3.5,1.6,4.9,7.3,0.5,1.7,0.0,1.5,0.9,6.8,8.4,x,8.4,4.4,6.3,3.5,3.4,10,20%,,-30.40
Liechtenstein,LIE,1.0,Very Low,190,-217.8,0.8,1.6,5.0,3.6,0.0,0.0,0.0,0.0,1.2,0.0,0.0,0.0,0.9,0.0,0.0,x,0.0,1.7,3.0,x,0.0,0.0,0.4,0.1,1.4,2.0,x,2.0,0.7,1.4,0.0,x,27,53%,,-41.58
Lithuania,LTU,1.9,Very Low,166,-163.3,1.2,2.2,0.1,5.8,0.0,0.0,3.3,2.9,1.5,0.1,0.1,0.0,2.7,0.8,0.5,2.1,0.2,4.2,6.7,0.3,0.5,0.0,0.9,0.4,2.2,3.4,x,3.4,0.7,1.2,0.4,0.6,9,18%,,-31.06
Luxembourg,LUX,1.1,Very Low,189,-167.6,0.5,1.0,0.1,2.9,0.0,0.0,0.0,1.1,2.2,0.0,0.0,0.0,2.0,0.5,0.0,1.4,0.5,3.3,5.4,0.2,0.2,0.0,1.2,0.4,1.4,2.0,x,2.0,0.7,1.1,0.1,0.8,11,22%,,-31.98
Madagascar,MDG,5.5,High,27,-145.0,4.0,5.6,0.1,6.1,6.3,6.7,6.3,4.7,7.0,2.0,2.8,0.0,5.7,6.7,8.9,5.9,2.9,4.4,1.7,4.5,5.1,2.1,9.6,6.3,7.1,6.0,4.7,7.2,8.0,6.6,9.4,8.1,0,0%,,-27.19
Malawi,MWI,4.4,Medium,54,-145.5,2.2,3.9,6.1,4.7,0.0,0.0,0.0,6.0,6.5,0.2,0.3,0.0,6.2,6.3,8.3,5.4,3.3,6.0,5.0,5.9,3.0,10.0,4.1,6.9,6.3,5.3,4.0,6.6,7.1,7.4,7.5,6.5,0,0%,,-27.29
Malaysia,MYS,2.9,Low,116,-160.6,2.6,4.5,1.9,6.8,5.4,0.0,6.4,2.8,5.5,0.2,0.3,0.0,3.4,1.9,1.9,3.6,0.0,4.6,6.8,0.6,1.9,0.4,1.9,1.2,2.9,3.4,2.6,4.2,2.4,1.1,2.9,3.1,8,16%,,-30.51
Maldives,MDV,2.2,Low,154,-162.2,1.5,2.8,0.1,0.0,9.0,0.0,0.0,0.0,3.1,0.0,0.0,0.0,2.0,2.9,2.4,2.9,3.8,1.0,0.0,0.6,1.9,0.1,4.4,1.9,3.7,5.5,5.8,5.1,1.4,1.3,0.1,2.7,10,20%,,-30.91
Mali,MLI,6.8,Very High,15,-143.3,7.2,3.8,0.1,7.9,0.0,0.0,0.0,5.7,6.8,9.0,9.6,9.0,6.7,7.1,9.5,5.5,3.7,6.3,7.7,4.1,5.8,3.9,2.9,4.3,6.5,6.1,4.9,7.3,6.8,6.5,6.3,7.6,0,0%,YES,-26.86
Malta,MLT,1.7,Very Low,175,-170.2,0.9,1.7,0.1,0.0,5.8,0.0,0.7,0.0,3.2,0.0,0.0,0.0,2.1,0.5,0.0,1.9,0.2,3.4,5.4,0.1,0.4,0.0,2.5,0.8,2.6,4.1,x,4.1,0.8,1.6,0.0,0.8,12,24%,,-32.51
Marshall Islands,MHL,4.1,Medium,65,-173.7,2.5,4.4,0.1,0.0,6.8,1.8,8.5,4.6,3.5,0.0,0.0,0.0,4.3,5.2,5.2,2.6,7.9,3.2,0.0,7.0,2.5,5.3,6.2,5.5,6.3,7.7,7.3,8.0,4.2,3.7,1.4,7.4,16,31%,,-33.32
Mauritania,MRT,4.3,Medium,58,-146.2,2.3,4.0,0.4,6.1,1.1,0.0,4.4,6.6,6.1,0.2,0.3,0.0,5.6,6.3,8.3,5.2,3.2,4.8,6.8,1.2,4.1,0.3,1.8,2.0,6.1,5.8,4.8,6.8,6.4,4.6,7.1,7.4,1,2%,,-27.46
Mauritius,MUS,2.1,Very Low,157,-160.2,1.7,3.0,0.1,0.0,4.5,7.8,0.0,0.8,3.7,0.1,0.1,0.0,1.9,3.0,2.0,3.8,4.1,0.6,0.0,1.1,1.3,0.2,2.0,1.2,2.8,3.7,3.2,4.2,1.7,1.9,0.2,3.1,8,16%,,-30.45
Mexico,MEX,4.9,High,37,-152.7,6.8,6.5,8.2,7.8,5.5,7.1,6.3,3.3,5.6,7.0,10.0,7.0,4.0,3.2,3.7,4.6,0.6,4.8,7.3,0.8,1.0,0.0,0.9,0.7,4.4,5.7,5.1,6.3,2.8,2.2,3.0,3.2,4,8%,YES,-28.83
Micronesia,FSM,3.2,Medium,97,-178.1,1.7,3.1,0.1,0.0,5.9,2.3,3.1,5.4,2.7,0.0,0.0,0.0,3.8,5.3,5.4,3.8,6.7,1.9,0.0,4.2,1.9,0.0,6.2,3.4,5.1,5.4,6.0,4.8,4.8,5.6,2.7,6.0,17,33%,,-34.14
Moldova Republic of,MDA,3.1,Low,104,-152.8,1.8,3.2,5.8,4.5,0.0,0.0,0.0,4.6,4.9,0.1,0.1,0.0,3.9,2.9,2.4,1.5,5.2,4.7,7.2,1.1,0.8,0.0,0.9,0.7,4.4,6.1,6.2,6.0,2.1,1.9,1.4,2.9,6,12%,,-28.96
Mongolia,MNG,2.9,Low,116,-152.4,1.7,3.0,2.1,6.7,0.0,0.0,0.0,6.5,1.7,0.1,0.1,0.0,3.3,3.7,4.4,3.1,2.7,2.9,0.0,2.7,0.8,9.1,2.9,5.0,4.5,5.7,5.1,6.3,3.0,1.2,5.4,2.4,4,8%,,-28.77
Montenegro,MNE,2.7,Low,128,-154.4,1.7,3.1,5.5,1.3,6.1,0.0,3.0,1.6,2.3,0.1,0.1,0.0,3.6,2.9,2.0,2.3,5.3,4.3,6.8,0.2,0.5,0.0,0.2,0.2,3.1,4.7,4.0,5.3,1.2,0.8,0.7,2.2,5,10%,,-29.19
Morocco,MAR,3.6,Medium,81,-145.9,3.2,4.3,4.4,5.0,4.5,0.0,5.0,6.4,3.5,2.0,2.8,0.0,3.2,4.0,4.8,4.7,1.6,2.2,3.5,0.5,1.0,0.0,0.8,0.6,4.7,5.7,5.6,5.7,3.4,2.3,3.5,4.4,1,2%,,-27.40
Mozambique,MOZ,6.7,High,16,-146.8,6.1,5.0,3.3,6.0,3.8,2.7,5.5,5.7,6.7,7.0,9.8,7.0,7.9,7.7,9.3,7.3,4.7,8.0,8.8,8.2,4.4,5.9,7.9,6.9,6.2,4.6,2.1,7.0,7.4,7.5,8.0,6.6,1,2%,YES,-27.58
Myanmar,MMR,7.1,Very High,11,-184.5,9.0,7.2,8.2,8.8,8.3,5.8,8.0,0.6,6.8,10.0,10.0,10.0,6.1,5.1,7.4,4.0,1.7,6.9,9.0,3.3,3.8,1.7,1.9,2.7,6.6,7.5,7.1,7.8,5.4,3.6,5.2,7.4,3,6%,YES,-27.83
Namibia,NAM,3.8,Medium,76,-142.8,2.3,4.1,0.1,5.1,0.0,0.0,1.2,9.4,5.0,0.1,0.2,0.0,4.8,5.8,7.3,7.2,1.4,3.5,3.5,5.1,3.0,0.1,4.5,3.4,5.0,4.7,4.3,5.0,5.3,3.8,6.6,5.4,2,4%,,-26.88
Nauru,NRU,2.6,Low,132,-194.8,1.0,1.9,0.1,0.0,6.0,0.0,0.0,0.0,4.3,0.0,0.0,0.0,3.5,3.4,2.2,1.9,7.1,3.5,2.5,6.8,2.1,0.0,6.2,4.3,5.3,7.0,8.1,5.8,2.9,2.6,1.3,4.7,21,41%,,-37.28
Nepal,NPL,4.1,Medium,65,-150.5,3.2,5.1,9.8,6.9,0.0,0.0,0.0,2.9,6.6,0.6,0.8,0.0,4.1,5.3,6.5,4.0,4.2,2.7,3.6,2.3,3.2,0.1,1.4,1.8,5.4,6.1,5.4,6.7,4.5,3.7,4.4,5.3,3,6%,,-28.37
Netherlands,NLD,2.1,Very Low,157,-162.2,2.9,5.0,1.8,8.6,0.0,0.0,10.0,0.6,1.9,0.1,0.1,0.0,2.6,0.1,0.0,0.3,0.1,4.6,7.1,0.1,0.3,0.0,1.0,0.4,1.2,1.8,1.7,1.8,0.6,1.5,0.1,0.3,9,18%,,-30.86
New Zealand,NZL,1.4,Very Low,184,-171.4,2.1,3.8,6.0,3.7,5.4,1.8,4.4,2.1,2.2,0.0,0.0,0.0,0.8,0.3,0.0,1.2,0.1,1.3,1.9,0.1,0.4,0.3,1.8,0.7,1.8,2.2,2.6,1.8,1.4,1.6,2.0,0.7,12,24%,,-32.74
Nicaragua,NIC,4.1,Medium,65,-153.7,3.5,5.8,8.2,4.9,7.2,4.2,4.3,3.7,6.1,0.2,0.3,0.0,3.7,5.5,5.9,5.5,4.8,1.3,0.9,0.9,1.0,0.0,4.4,1.7,5.3,6.1,4.7,7.4,4.4,3.6,5.1,4.4,6,12%,,-29.12
Niger,NER,6.6,High,19,-146.0,5.3,3.4,0.1,6.6,0.0,0.0,0.0,5.0,7.1,6.7,9.5,0.0,7.6,7.5,10.0,5.6,4.5,7.6,8.2,3.7,8.3,8.8,3.8,6.8,7.3,5.9,5.2,6.5,8.3,8.2,9.7,7.1,2,4%,,-27.47
Nigeria,NGA,6.6,High,19,-143.2,7.4,4.6,0.1,8.2,0.0,0.0,6.4,2.2,8.2,9.0,10.0,9.0,6.4,5.6,7.8,5.8,1.0,7.0,8.2,5.3,6.3,4.9,4.2,5.2,6.2,5.0,2.7,7.3,7.1,5.3,6.6,9.3,0,0%,YES,-26.85
North Macedonia,MKD,2.2,Low,154,-157.9,1.7,3.0,6.5,4.2,0.0,0.0,0.0,2.4,4.8,0.1,0.1,0.0,1.7,2.1,1.7,2.0,3.0,1.2,1.6,0.1,0.3,1.0,1.8,0.8,3.6,4.7,3.8,5.6,2.3,1.9,1.7,3.3,7,14%,,-29.95
Norway,NOR,1.7,Very Low,175,-165.6,1.4,2.6,0.4,5.9,0.0,0.0,6.6,0.6,1.2,0.0,0.0,0.0,2.2,0.1,0.0,0.5,0.0,3.9,6.3,0.1,0.2,0.0,0.8,0.3,1.6,1.9,2.3,1.5,1.2,1.6,1.9,0.1,10,20%,,-31.56
Oman,OMN,2.5,Low,139,-160.3,2.7,4.7,0.1,2.1,9.0,3.8,5.6,1.1,5.7,0.1,0.1,0.0,1.4,1.9,1.7,4.0,0.1,0.9,1.0,0.1,1.7,0.0,1.0,0.7,4.1,5.4,x,5.4,2.4,1.2,3.5,2.5,8,16%,,-30.46
Pakistan,PAK,6.1,High,23,-147.8,7.2,7.3,9.2,9.5,6.1,7.1,4.4,3.0,7.7,7.0,10.0,0.0,5.9,5.3,7.9,4.2,1.3,6.4,7.6,1.7,5.0,6.9,4.8,4.9,5.3,5.3,4.0,6.6,5.2,5.5,4.8,5.4,3,6%,,-27.86
Palau,PLW,2.7,Low,128,-185.3,1.3,2.4,0.1,0.0,4.4,0.5,4.5,3.5,2.4,0.0,0.0,0.0,3.9,4.1,2.7,x,6.8,3.7,0.0,0.5,1.2,10.0,6.2,6.2,4.1,5.8,5.9,5.6,1.8,1.4,1.4,2.6,19,37%,,-35.50
Palestine,PSE,3.7,Medium,78,-173.1,2.1,1.7,4.7,0.0,0.8,0.0,0.0,0.0,4.4,2.5,3.5,0.0,6.1,3.8,2.5,2.2,7.9,7.7,10.0,0.0,0.8,0.0,2.4,0.8,4.0,6.1,5.7,6.5,0.9,2.3,0.2,0.3,14,27%,,-33.15
Panama,PAN,3.6,Medium,81,-156.1,2.9,5.0,7.8,0.2,8.5,0.0,5.9,0.8,5.4,0.1,0.1,0.0,3.9,2.6,1.9,5.9,0.6,5.0,7.5,0.8,0.9,0.2,1.3,0.8,4.0,5.0,4.3,5.6,2.8,2.0,3.8,2.7,7,14%,,-29.61
Papua New Guinea,PNG,6.7,High,16,-154.0,6.6,6.1,9.2,4.6,7.1,2.8,6.3,2.5,6.5,7.0,6.8,7.0,6.0,6.5,8.1,7.0,2.6,5.4,6.2,5.1,4.8,0.2,6.5,4.5,7.6,6.8,6.7,6.9,8.3,7.3,9.6,7.9,7,14%,YES,-29.22
Paraguay,PRY,2.7,Low,128,-152.1,1.5,2.6,0.1,5.6,0.0,0.0,0.0,4.1,5.4,0.3,0.4,0.0,2.9,3.6,4.2,5.2,0.8,2.2,3.1,1.3,0.9,0.6,1.4,1.1,4.3,5.2,3.7,6.7,3.3,1.9,3.0,5.1,4,8%,,-28.72
Peru,PER,4.8,Medium,40,-157.0,4.8,6.4,9.6,6.5,9.1,0.0,3.3,3.7,5.2,2.7,3.8,0.0,5.2,3.3,4.1,4.5,0.5,6.7,9.1,0.9,0.8,2.1,2.2,1.5,4.3,4.8,3.6,6.0,3.8,2.1,4.4,4.9,6,12%,,-29.73
Philippines,PHL,5.3,High,29,-150.5,7.7,8.2,9.7,6.7,9.4,9.2,8.9,3.3,6.3,7.0,9.3,7.0,4.6,3.6,4.6,4.8,0.5,5.5,4.9,3.9,3.1,10.0,1.6,6.1,4.2,4.7,3.5,5.8,3.7,2.2,2.7,6.3,3,6%,YES,-28.37
Poland,POL,2.5,Low,139,-164.4,1.5,2.8,0.7,5.9,0.0,0.0,5.7,1.9,2.6,0.1,0.2,0.0,3.6,0.6,0.5,1.2,0.3,5.8,8.5,0.1,0.3,0.0,0.7,0.3,2.9,4.4,4.3,4.5,1.1,1.3,0.0,2.1,10,20%,,-31.33
Portugal,PRT,2.0,Very Low,164,-160.7,1.8,3.2,3.4,3.8,4.3,0.0,4.6,2.9,2.7,0.1,0.1,0.0,2.2,0.9,0.7,1.7,0.3,3.3,5.4,0.4,0.2,0.0,0.6,0.3,1.9,3.0,2.6,3.4,0.6,1.7,0.0,0.1,8,16%,,-30.52
Qatar,QAT,1.4,Very Low,184,-164.9,0.9,1.7,0.1,0.0,0.0,0.0,3.5,4.3,2.9,0.1,0.1,0.0,1.2,1.2,0.9,2.9,0.1,1.2,1.7,0.4,0.4,0.0,1.5,0.6,2.6,4.1,4.7,3.5,0.8,1.1,0.2,1.0,12,24%,,-31.52
Romania,ROU,2.6,Low,132,-163.0,2.0,3.5,6.0,6.1,0.0,0.0,2.9,1.9,5.0,0.1,0.2,0.0,2.7,1.8,1.6,3.1,0.7,3.5,5.8,0.4,0.5,0.0,0.2,0.3,3.3,4.7,3.8,5.5,1.5,1.5,0.9,2.2,9,18%,,-31.02
Russian Federation,RUS,4.4,Medium,54,-167.7,5.4,5.1,4.2,8.4,4.2,2.2,5.3,5.4,3.6,5.6,8.0,0.0,3.6,1.5,1.6,2.8,0.0,5.2,7.8,0.5,0.4,0.0,0.8,0.4,4.4,6.3,x,6.3,1.8,0.7,3.6,1.0,12,24%,,-32.05
Rwanda,RWA,4.2,Medium,62,-143.4,2.5,2.8,4.0,2.6,0.0,0.0,0.0,4.3,6.1,2.2,3.2,0.0,5.9,6.5,8.1,5.0,4.6,5.3,6.4,3.1,2.4,0.4,7.7,4.0,5.0,3.9,3.0,4.7,6.0,5.7,6.1,6.1,0,0%,,-26.88
Saint Kitts and Nevis,KNA,1.9,Very Low,166,-196.3,1.6,3.0,3.6,0.0,0.0,8.6,0.0,0.0,2.8,0.0,0.0,0.0,1.4,1.9,2.5,x,0.6,0.9,0.0,0.0,1.1,0.0,5.0,1.8,3.0,4.1,4.0,4.2,1.8,2.1,0.3,2.9,21,41%,,-37.55
Saint Lucia,LCA,2.8,Low,124,-162.8,1.9,3.5,4.4,0.0,0.0,8.0,2.6,0.5,4.8,0.0,0.0,0.0,3.0,4.5,3.5,5.9,5.0,1.2,0.0,0.0,1.3,1.5,5.0,2.2,4.0,5.1,5.2,4.9,2.8,2.5,0.8,5.2,11,22%,,-31.08
Saint Vincent and the Grenadines,VCT,2.6,Low,132,-185.0,1.8,3.3,4.8,0.0,0.0,7.8,1.8,0.5,4.1,0.0,0.0,0.0,3.0,4.7,3.0,5.2,7.4,0.8,0.0,0.2,1.1,3.4,1.4,1.6,3.4,4.2,x,4.2,2.4,2.3,0.8,4.1,17,33%,,-35.43
Samoa,WSM,3.0,Low,110,-167.6,1.7,3.2,4.4,0.0,4.2,6.3,0.0,0.5,4.2,0.0,0.0,0.0,3.7,5.7,4.6,4.5,8.9,1.0,0.0,4.9,1.1,0.0,1.2,2.0,4.1,4.4,4.6,4.1,3.7,2.8,2.1,6.3,11,22%,,-31.98
Sao Tome and Principe,STP,2.6,Low,132,-147.0,0.7,1.4,0.1,0.0,0.0,0.0,2.1,0.0,5.6,0.0,0.0,0.0,4.9,5.9,5.9,5.3,6.4,3.6,0.0,2.0,1.2,10.0,4.2,6.0,5.3,6.0,x,6.0,4.5,3.6,4.5,5.5,1,2%,,-27.61
Saudi Arabia,SAU,3.6,Medium,81,-208.0,6.2,3.4,1.8,4.8,0.0,0.0,4.7,4.9,5.6,8.0,2.0,8.0,2.2,1.1,0.5,3.3,0.0,3.1,5.0,0.1,0.7,0.0,1.1,0.5,3.3,4.5,x,4.5,1.8,1.1,3.2,1.1,10,20%,YES,-31.70
Senegal,SEN,4.1,Medium,65,-145.2,2.6,4.1,0.1,6.3,3.9,0.0,5.5,4.3,6.2,0.8,1.1,0.0,4.9,6.4,8.5,5.2,3.4,2.9,3.9,2.0,3.1,0.1,1.9,1.8,5.3,5.0,4.7,5.3,5.6,4.8,5.6,6.3,0,0%,,-27.22
Serbia,SRB,2.9,Low,116,-154.2,1.8,3.3,5.3,7.7,0.0,0.0,0.0,2.2,3.8,0.1,0.1,0.0,3.5,1.6,1.0,2.1,2.2,5.1,7.7,0.2,0.3,0.2,0.7,0.4,3.7,5.3,4.9,5.7,1.6,1.5,1.2,2.2,6,12%,,-29.21
Seychelles,SYC,1.5,Very Low,182,-158.9,1.2,2.2,0.1,0.0,7.8,0.0,0.0,0.0,2.8,0.0,0.0,0.0,1.0,1.5,2.0,1.8,0.1,0.4,0.0,0.1,1.0,0.0,2.0,0.8,2.6,3.7,4.3,3.1,1.4,1.0,0.8,2.5,10,20%,,-30.29
Sierra Leone,SLE,4.2,Medium,62,-143.0,2.1,3.7,0.1,5.8,2.9,0.0,4.7,0.6,7.7,0.1,0.2,0.0,5.7,7.1,8.8,5.6,5.1,3.8,2.0,6.4,5.4,0.1,6.9,5.2,6.4,5.2,3.5,6.9,7.4,7.3,8.2,6.8,0,0%,,-26.81
Singapore,SGP,0.7,Very Low,191,-165.6,0.6,1.1,0.1,0.0,0.0,0.0,1.9,0.0,4.6,0.0,0.0,0.0,0.5,0.1,0.0,0.5,0.0,0.9,1.1,0.4,0.2,0.0,1.7,0.6,1.1,1.2,1.2,1.1,0.9,1.1,0.0,1.5,12,24%,,-31.65
Slovakia,SVK,2.1,Very Low,157,-165.5,1.3,2.4,3.7,6.8,0.0,0.0,0.0,1.1,2.4,0.1,0.1,0.0,2.8,1.0,1.0,1.2,0.6,4.3,6.6,0.1,0.4,0.0,2.1,0.7,2.5,3.9,3.4,4.3,0.9,1.5,0.1,1.0,10,20%,,-31.52
Slovenia,SVN,1.6,Very Low,179,-162.9,1.7,3.2,5.9,5.6,3.5,0.0,3.0,0.6,1.5,0.0,0.0,0.0,1.4,0.2,0.0,0.5,0.2,2.4,3.9,0.1,0.2,0.2,1.6,0.5,1.6,2.2,0.9,3.5,0.9,1.3,0.1,1.4,9,18%,,-31.00
Solomon Islands,SLB,4.5,Medium,50,-161.3,3.2,5.4,7.1,0.0,7.8,3.5,6.8,2.9,6.0,0.1,0.1,0.0,4.5,5.9,6.7,3.0,7.2,2.6,1.7,5.3,2.5,0.0,5.2,3.5,6.5,6.5,6.6,6.3,6.4,5.0,7.8,6.4,9,18%,,-30.69
Somalia,SOM,8.5,Very High,2,-198.6,8.9,6.6,1.2,7.8,6.7,1.7,5.9,10.0,6.5,10.0,10.0,10.0,8.2,7.4,8.9,2.9,9.0,8.8,10.0,2.2,6.8,3.7,9.4,6.4,8.5,9.0,x,9.0,8.0,7.5,7.5,8.9,9,18%,YES,-30.25
South Africa,ZAF,4.5,Medium,50,-144.3,4.9,4.2,1.5,3.2,1.0,1.3,2.8,9.1,5.0,5.5,7.8,0.0,4.6,4.2,4.5,7.5,0.4,4.9,5.7,5.6,1.8,5.1,2.7,4.0,4.0,4.7,3.9,5.4,3.3,1.7,3.7,4.5,0,0%,,-27.05
South Sudan,SSD,8.5,Very High,2,-153.2,7.2,3.8,2.6,7.8,0.0,0.0,0.0,3.3,7.3,9.0,10.0,9.0,9.2,9.1,10.0,6.3,10.0,9.2,10.0,6.4,6.9,10.0,5.7,7.8,9.4,9.3,x,9.3,9.5,9.3,9.6,9.6,9,18%,YES,-29.18
Spain,ESP,2.3,Low,151,-163.2,2.3,3.8,2.9,6.4,4.6,0.0,4.9,3.6,2.9,0.4,0.5,0.0,2.9,0.5,0.0,1.7,0.1,4.7,7.3,0.2,0.2,0.0,1.1,0.4,1.8,2.9,2.2,3.6,0.5,1.3,0.0,0.3,9,18%,,-31.05
Sri Lanka,LKA,3.1,Low,104,-156.2,2.7,4.0,0.1,1.9,8.0,2.2,3.3,3.5,5.5,1.1,1.5,0.0,2.7,2.9,3.2,4.2,0.8,2.4,3.3,0.3,2.6,0.8,2.3,1.5,3.9,4.7,3.6,5.8,2.9,2.0,2.7,4.0,7,14%,,-29.64
Sudan,SDN,7.3,Very High,8,-141.5,7.2,3.8,0.1,8.6,0.0,0.0,0.8,3.9,6.6,9.0,10.0,9.0,7.9,6.6,8.5,4.9,4.4,8.8,10.0,1.6,5.8,10.0,3.2,6.5,6.7,6.5,4.9,8.1,6.9,6.1,8.3,6.4,0,0%,YES,-26.53
Suriname,SUR,3.0,Low,110,-158.9,1.8,3.3,0.1,8.6,0.0,0.0,1.6,1.1,5.6,0.1,0.1,0.0,3.0,3.6,3.7,5.7,1.3,2.4,3.0,1.0,1.4,1.1,3.2,1.7,5.1,6.2,x,6.2,3.7,1.8,3.7,5.7,7,14%,,-30.14
Sweden,SWE,1.9,Very Low,166,-174.0,1.4,2.5,0.1,6.3,0.0,0.0,5.8,0.6,1.8,0.1,0.2,0.0,3.1,0.2,0.0,0.7,0.1,5.3,8.0,0.1,0.2,0.0,1.4,0.4,1.5,2.1,2.5,1.7,0.9,1.7,0.9,0.2,13,25%,,-33.28
Switzerland,CHE,1.4,Very Low,184,-168.7,1.2,2.2,4.6,5.9,0.0,0.0,0.0,1.1,1.9,0.1,0.1,0.0,2.8,0.4,0.0,1.1,0.4,4.7,7.3,0.1,0.3,0.2,1.1,0.4,0.9,1.2,0.9,1.4,0.6,1.5,0.0,0.3,11,22%,,-32.18
Syria,SYR,7.2,Very High,9,-195.4,8.5,5.1,7.2,6.3,2.4,0.0,2.1,7.8,6.0,10.0,10.0,10.0,7.8,6.5,6.5,6.4,6.7,8.8,10.0,0.5,2.0,10.0,7.0,6.5,5.6,6.6,4.6,8.6,4.4,4.1,2.9,6.3,9,18%,YES,-29.76
Tajikistan,TJK,4.4,Medium,54,-150.0,4.8,5.0,8.1,6.6,0.0,0.0,0.0,7.6,6.1,4.6,6.6,0.0,3.7,4.6,4.9,3.1,5.4,2.7,3.7,1.5,2.1,0.1,2.7,1.6,4.9,5.8,4.6,6.9,3.8,3.0,4.4,3.9,5,10%,,-28.38
Tanzania,TZA,5.1,High,33,-144.9,4.1,4.3,4.4,4.2,3.1,0.7,3.2,5.5,7.0,3.9,5.5,0.0,5.5,5.9,8.2,5.7,1.5,5.1,6.1,4.9,3.2,0.8,5.8,3.9,5.9,4.9,3.5,6.3,6.8,5.5,8.3,6.6,0,0%,,-27.16
Thailand,THA,4.4,Medium,54,-153.1,5.6,5.8,1.7,9.8,5.8,1.6,5.5,5.2,5.4,5.4,7.7,0.0,3.8,1.8,1.6,3.5,0.3,5.3,7.6,1.0,1.2,1.3,2.2,1.4,3.9,5.1,4.7,5.5,2.4,1.1,1.9,4.1,4,8%,,-28.90
Timor-Leste,TLS,3.6,Medium,81,-153.9,1.8,3.2,5.7,0.0,3.9,0.5,3.3,1.5,5.7,0.1,0.1,0.0,4.6,6.2,7.6,3.0,6.4,2.5,0.0,3.3,5.5,2.7,5.9,4.5,5.7,6.3,6.3,6.3,5.0,4.2,5.3,5.6,5,10%,,-29.10
Togo,TGO,4.3,Medium,58,-142.8,2.1,2.4,0.1,3.0,0.0,0.0,0.7,2.1,7.3,1.7,2.4,0.0,4.9,6.1,7.8,6.1,2.5,3.5,3.5,4.0,4.1,0.1,4.6,3.4,7.5,8.0,9.2,6.7,6.9,5.9,7.7,7.1,0,0%,,-26.77
Tonga,TON,3.3,Medium,94,-164.8,2.1,3.8,7.0,0.0,5.7,5.6,0.0,0.5,4.3,0.0,0.0,0.0,4.3,5.1,2.5,5.3,10.0,3.5,0.0,2.0,0.6,10.0,4.0,5.9,4.0,5.1,5.8,4.4,2.6,2.5,0.4,5.0,12,24%,,-31.49
Trinidad and Tobago,TTO,2.8,Low,124,-160.5,2.0,3.5,5.8,0.0,0.0,5.7,2.7,2.4,5.2,0.1,0.1,0.0,3.4,2.0,1.6,4.6,0.3,4.5,6.2,0.5,1.2,3.3,3.7,2.3,3.2,4.8,4.4,5.2,1.1,1.5,0.3,1.5,9,18%,,-30.55
Tunisia,TUN,3.0,Low,110,-146.3,2.6,4.1,5.4,3.7,5.9,0.0,6.5,2.4,2.6,0.8,1.2,0.0,2.2,2.5,2.6,2.7,2.2,1.8,3.1,0.3,0.9,0.0,0.2,0.4,4.7,6.1,6.4,5.7,2.8,2.3,2.4,3.8,1,2%,,-27.49
Turkey,TUR,4.8,Medium,40,-159.8,6.0,5.3,9.3,6.0,5.0,0.0,4.6,0.6,6.0,6.6,9.4,0.0,5.6,1.7,1.2,3.9,0.6,7.9,9.4,0.1,0.5,10.0,0.0,4.9,3.2,4.0,2.1,5.8,2.3,1.9,1.9,3.0,8,16%,,-30.35
Turkmenistan,TKM,2.9,Low,116,-157.6,2.4,4.1,3.0,8.3,0.0,0.0,4.3,3.8,5.4,0.3,0.4,0.0,1.7,1.5,1.7,2.4,0.1,1.9,2.6,0.3,2.0,0.0,2.2,1.2,5.8,7.5,x,7.5,3.2,3.3,3.3,3.0,7,14%,,-29.91
Tuvalu,TUV,3.0,Low,110,-184.4,1.3,2.4,0.1,0.0,5.8,0.2,0.0,4.4,3.8,0.0,0.0,0.0,4.7,4.9,4.4,3.5,7.1,4.4,0.0,7.7,1.1,10.0,4.0,7.1,4.6,6.0,x,6.0,2.8,3.0,0.6,4.9,19,37%,,-35.32
Uganda,UGA,7.0,Very High,12,-146.3,7.2,3.8,3.7,3.9,0.0,0.0,0.0,6.3,8.0,9.0,8.3,9.0,6.9,6.3,8.4,5.8,2.7,7.4,8.8,6.5,2.5,0.7,7.7,5.0,6.9,6.8,x,6.8,7.0,6.4,8.5,6.0,3,6%,YES,-27.58
Ukraine,UKR,5.1,High,33,-159.6,5.4,3.1,2.0,6.2,0.0,0.0,5.1,2.4,4.1,7.0,10.0,0.0,5.6,2.1,1.3,1.5,4.3,7.8,10.0,0.9,0.6,0.0,2.2,1.0,4.5,6.3,x,6.3,2.0,1.4,1.4,3.2,9,18%,,-30.37
United Arab Emirates,ARE,1.7,Very Low,175,-166.3,2.5,4.4,0.1,0.6,6.0,0.4,8.4,5.0,5.4,0.1,0.2,0.0,1.0,0.1,0.0,0.5,0.0,1.9,3.1,0.1,0.5,0.0,1.3,0.5,1.8,2.5,2.1,2.8,1.0,0.2,1.8,1.0,10,20%,,-31.68
United Kingdom,GBR,2.1,Very Low,157,-170.7,2.1,3.4,0.1,5.7,1.9,0.0,8.3,1.4,1.8,0.6,0.9,0.0,2.7,0.4,0.0,1.6,0.0,4.5,7.1,0.1,0.3,0.0,0.8,0.3,1.6,2.4,2.1,2.6,0.8,1.5,0.0,1.0,12,24%,,-32.61
United States of America,USA,3.2,Medium,97,-165.4,4.8,6.9,7.7,7.5,7.2,7.7,8.4,3.6,4.1,1.7,2.4,0.0,3.0,0.8,0.0,3.1,0.0,4.8,7.5,0.3,0.3,0.0,0.0,0.2,2.2,2.9,3.0,2.7,1.4,1.9,0.9,1.3,10,20%,,-31.51
Uruguay,URY,2.1,Very Low,157,-162.7,1.1,2.1,0.1,3.9,0.0,0.0,3.8,2.7,3.0,0.0,0.0,0.0,3.1,1.8,1.8,3.5,0.1,4.2,5.7,0.7,0.4,6.0,0.8,2.4,2.6,3.5,4.0,3.0,1.6,1.1,2.4,1.2,9,18%,,-30.95
Uzbekistan,UZB,3.2,Medium,97,-156.6,3.0,4.9,7.0,8.3,0.0,0.0,0.0,6.6,5.9,0.6,0.8,0.0,3.0,3.2,3.2,3.0,3.2,2.7,4.4,0.4,0.8,0.0,0.8,0.5,3.6,4.4,2.6,6.2,2.6,1.8,2.9,3.2,7,14%,,-29.72
Vanuatu,VUT,4.2,Medium,62,-164.7,2.9,5.0,6.2,0.0,7.0,6.4,4.8,4.3,4.3,0.0,0.0,0.0,4.5,5.3,5.9,1.8,7.5,3.6,0.0,3.5,2.2,10.0,2.4,6.0,5.5,5.6,5.4,5.7,5.4,3.7,5.5,7.1,10,20%,,-31.38
Venezuela,VEN,4.7,Medium,45,-164.9,5.3,5.9,8.2,5.7,5.4,5.6,6.7,1.9,5.8,4.6,6.6,0.0,3.8,4.1,4.2,6.6,1.5,3.4,4.1,1.3,1.3,1.5,5.5,2.6,5.0,5.6,2.5,8.7,4.4,2.9,3.7,6.5,11,22%,,-31.46
Viet Nam,VNM,3.7,Medium,78,-152.7,4.6,7.3,3.5,9.9,5.9,5.9,9.6,3.4,6.9,0.1,0.2,0.0,2.7,2.8,3.6,3.4,0.7,2.5,3.6,1.1,2.1,0.4,1.3,1.2,4.0,4.7,4.2,5.1,3.3,1.7,3.1,5.1,4,8%,,-28.83
Yemen,YEM,7.5,Very High,7,-185.9,6.5,4.3,1.7,6.0,3.6,3.5,4.7,2.2,7.0,8.0,10.0,8.0,8.2,7.7,8.9,6.5,6.3,8.6,10.0,1.3,6.9,1.0,8.4,5.3,7.9,8.8,8.5,9.0,6.7,5.9,7.6,6.6,6,12%,YES,-28.19
Zambia,ZMB,3.9,Medium,74,-144.2,1.8,3.1,2.4,4.8,0.0,0.0,0.0,4.9,6.5,0.3,0.4,0.0,5.9,6.4,7.9,7.6,2.0,5.3,5.1,7.0,3.5,2.8,7.4,5.5,5.7,5.1,3.5,6.7,6.3,5.2,8.1,5.7,1,2%,,-27.08
Zimbabwe,ZWE,4.1,Medium,65,-143.2,2.3,3.9,1.8,3.6,0.0,0.0,0.0,9.4,4.9,0.4,0.6,0.0,5.3,5.9,6.9,6.7,2.9,4.6,4.0,4.7,3.0,0.3,9.0,5.2,5.8,5.1,2.6,7.6,6.4,4.9,7.8,6.5,1,2%,,-26.91